source_type,edge,target_type
efrbroo:F28_Expression_Creation,ecrm:P9_consists_of,ecrm:E7_Activity
efrbroo:F31_Performance,ecrm:P9_consists_of,mus:M42_Performed_Expression_Creation
mus:M42_Performed_Expression_Creation,ecrm:P9_consists_of,mus:M28_Individual_Performance
efrbroo:F30_Publication_Event,ecrm:P9_consists_of,ecrm:E7_Activity
efrbroo:F25_Performance_Plan,ecrm:P9_consists_of,mus:M42_Performed_Expression_Creation
efrbroo:F31_Performance,ecrm:P9_consists_of,mus:M28_Individual_Performance
mus:M29_Editing,ecrm:P9_consists_of,ecrm:E7_Activity
efrbroo:F29_Recording_Event,ecrm:P9_consists_of,ecrm:E7_Activity
efrbroo:F31_Performance,ecrm:P9_consists_of,efrbroo:F31_Performance
efrbroo:F28_Expression_Creation,ecrm:P9_consists_of,efrbroo:F28_Expression_Creation
mus:M42_Performed_Expression_Creation,ecrm:P9_consists_of,ecrm:E7_Activity
efrbroo:F32_Carrier_Production_Event,ecrm:P9_consists_of,ecrm:E7_Activity
mus:M25_Foreseen_Activity,ecrm:P9_consists_of,mus:M25_Foreseen_Activity
mus:M28_Individual_Performance,ecrm:P9_consists_of,mus:M28_Individual_Performance
time:Instant,time:inXSDDate,Literal
ecrm:E7_Activity,ecrm:P14_carried_out_by,ecrm:E21_Person
mus:M28_Individual_Performance,ecrm:P14_carried_out_by,ecrm:E21_Person
mus:M28_Individual_Performance,ecrm:P14_carried_out_by,efrbroo:F11_Corporate_Body
ecrm:E7_Activity,ecrm:P14_carried_out_by,efrbroo:F11_Corporate_Body
ecrm:E7_Activity,ecrm:P14_carried_out_by,ecrm:E39_Actor
mus:M28_Individual_Performance,ecrm:P14_carried_out_by,ecrm:E39_Actor
efrbroo:F28_Expression_Creation,efrbroo:R17_created,efrbroo:F22_Self-Contained_Expression
mus:M42_Performed_Expression_Creation,efrbroo:R17_created,mus:M43_Performed_Expression
efrbroo:F28_Expression_Creation,efrbroo:R17_created,efrbroo:F25_Performance_Plan
mus:M29_Editing,efrbroo:R17_created,mus:M46_Set_of_Tracks
efrbroo:F28_Expression_Creation,efrbroo:R17_created,mus:M46_Set_of_Tracks
efrbroo:F28_Expression_Creation,efrbroo:R17_created,efrbroo:F25_PerformancePlan
mus:M43_Performed_Expression,mus:U227_has_content_type,skos:Concept
efrbroo:F22_Self-Contained_Expression,mus:U227_has_content_type,skos:Concept
mus:M24_Track,mus:U227_has_content_type,skos:Concept
mus:M46_Set_of_Tracks,mus:U227_has_content_type,skos:Concept
efrbroo:F24_Publication_Expression,mus:U227_has_content_type,skos:Concept
efrbroo:F28_Expression_Creation,efrbroo:R19_created_a_realisation_of,efrbroo:F14_Individual_Work
efrbroo:F30_Publication_Event,efrbroo:R19_created_a_realisation_of,efrbroo:F19_Publication_Work
mus:M42_Performed_Expression_Creation,efrbroo:R19_created_a_realisation_of,mus:M44_Performed_Work
efrbroo:F28_Expression_Creation,efrbroo:R19_created_a_realisation_of,efrbroo:F20_Performance_Work
efrbroo:F30_Publication_Event,efrbroo:R19_created_a_realisation_of,efrbroo:F19_Publication_Expression
ecrm:E7_Activity,mus:U31_had_function,skos:Concept
mus:M28_Individual_Performance,mus:U31_had_function,skos:Concept
mus:M28_Individual_Performance,mus:U31_had_function,mus:M31_Actor_Function
ecrm:E7_Activity,mus:U31_had_function,Literal
ecrm:E67_Birth,ecrm:P4_has_time-span,time:Interval
ecrm:E67_Birth,ecrm:P4_has_time-span,ecrm:E52_Time-Span
ecrm:E69_Death,ecrm:P4_has_time-span,time:Interval
ecrm:E69_Death,ecrm:P4_has_time-span,ecrm:E52_Time-Span
efrbroo:F28_Expression_Creation,ecrm:P4_has_time-span,time:Interval
efrbroo:F28_Expression_Creation,ecrm:P4_has_time-span,ecrm:E52_Time-Span
efrbroo:F30_Publication_Event,ecrm:P4_has_time-span,time:Interval
efrbroo:F30_Publication_Event,ecrm:P4_has_time-span,ecrm:E52_Time-Span
mus:M42_Performed_Expression_Creation,ecrm:P4_has_time-span,time:Interval
mus:M42_Performed_Expression_Creation,ecrm:P4_has_time-span,ecrm:E52_Time-Span
efrbroo:F31_Performance,ecrm:P4_has_time-span,time:Interval
efrbroo:F31_Performance,ecrm:P4_has_time-span,ecrm:E52_Time-Span
efrbroo:F29_Recording_Event,ecrm:P4_has_time-span,time:Interval
efrbroo:F29_Recording_Event,ecrm:P4_has_time-span,ecrm:E52_Time-Span
ecrm:E66_Formation,ecrm:P4_has_time-span,time:Interval
ecrm:E66_Formation,ecrm:P4_has_time-span,ecrm:E52_Time-Span
ecrm:E68_Dissolution,ecrm:P4_has_time-span,time:Interval
ecrm:E68_Dissolution,ecrm:P4_has_time-span,ecrm:E52_Time-Span
ecrm:E13_Attribute_Assignment,ecrm:P4_has_time-span,time:Interval
ecrm:E13_Attribute_Assignment,ecrm:P4_has_time-span,ecrm:E52_Time-Span
efrbroo:F32_Carrier_Production_Event,ecrm:P4_has_time-span,time:Interval
efrbroo:F32_Carrier_Production_Event,ecrm:P4_has_time-span,ecrm:E52_Time-Span
efrbroo:F24_Publication_Expression,ecrm:P4_has_time-span,Literal
time:Interval,time:hasBeginning,time:Instant
ecrm:E52_Time-Span,time:hasBeginning,time:Instant
ecrm:E4_Period,time:hasBeginning,time:Instant
time:Interval,time:hasEnd,time:Instant
ecrm:E52_Time-Span,time:hasEnd,time:Instant
ecrm:E4_Period,time:hasEnd,time:Instant
ecrm:E21_Person,ecrm:P3_has_note,Literal
efrbroo:F22_Self-Contained_Expression,ecrm:P3_has_note,Literal
efrbroo:F28_Expression_Creation,ecrm:P3_has_note,Literal
mus:M1_Catalogue_Statement,ecrm:P3_has_note,Literal
efrbroo:F31_Performance,ecrm:P3_has_note,Literal
mus:M15_Dedication_Statement,ecrm:P3_has_note,Literal
mus:M2_Opus_Statement,ecrm:P3_has_note,Literal
mus:M6_Casting,ecrm:P3_has_note,Literal
mus:M42_Performed_Expression_Creation,ecrm:P3_has_note,Literal
efrbroo:F30_Publication_Event,ecrm:P3_has_note,Literal
ecrm:E1_CRM_Entity,ecrm:P3_has_note,Literal
mus:M33_Set_of_Characters,ecrm:P3_has_note,Literal
mus:M23_Casting_Detail,ecrm:P3_has_note,Literal
efrbroo:F4_Manifestation_Singleton,ecrm:P3_has_note,Literal
efrbroo:F29_Recording_Event,ecrm:P3_has_note,Literal
mus:M28_Individual_Performance,ecrm:P3_has_note,Literal
mus:M43_Performed_Expression,ecrm:P3_has_note,Literal
efrbroo:F38_Character,ecrm:P3_has_note,Literal
efrbroo:F11_Corporate_Body,ecrm:P3_has_note,Literal
efrbroo:F24_Publication_Expression,ecrm:P3_has_note,Literal
mus:M154_Label_Name,ecrm:P3_has_note,Literal
ecrm:E22_Man-Made_Object,ecrm:P3_has_note,Literal
mus:M15_Dedication,ecrm:P3_has_note,Literal
mus:M157_Statement_of_Responsibility,ecrm:P3_has_note,Literal
ecrm:E39_Actor,ecrm:P3_has_note,Literal
ecrm:E53_Place,ecrm:P3_has_note,Literal
mus:M26_Foreseen_Performance,ecrm:P3_has_note,Literal
mus:M171_Container,ecrm:P3_has_note,Literal
mus:M36_Award,ecrm:P3_has_note,Literal
efrbroo:F22_Self-Contained_Expression,ecrm:P102_has_title,Literal
efrbroo:F31_Performance,ecrm:P102_has_title,Literal
mus:M24_Track,ecrm:P102_has_title,Literal
mus:M46_Set_of_Tracks,ecrm:P102_has_title,Literal
efrbroo:F4_Manifestation_Singleton,ecrm:P102_has_title,Literal
mus:M43_Performed_Expression,ecrm:P102_has_title,Literal
mus:M25_Foreseen_Activity,ecrm:P102_has_title,Literal
mus:M26_Foreseen_Performance,ecrm:P102_has_title,Literal
mus:M44_Performed_Work,efrbroo:R9_is_realised_in,mus:M43_Performed_Expression
efrbroo:F14_Individual_Work,efrbroo:R9_is_realised_in,efrbroo:F22_Self-Contained_Expression
efrbroo:F20_Performance_Work,efrbroo:R9_is_realised_in,efrbroo:F25_Performance_Plan
efrbroo:F15_Complex_Work,efrbroo:R10_has_member,efrbroo:F14_Individual_Work
efrbroo:F15_Complex_Work,efrbroo:R10_has_member,mus:M44_Performed_Work
efrbroo:F15_Complex_Work,efrbroo:R13_is_realised_in,mus:M43_Performed_Expression
efrbroo:F21_Recording_Work,efrbroo:R13_is_realised_in,efrbroo:F26_Recording
efrbroo:F24_Publication_Expression,mus:U167_has_title_proper,Literal
mus:M46_Set_of_Tracks,mus:U167_has_title_proper,Literal
mus:M28_Individual_Performance,mus:U1_used_medium_of_performance,skos:Concept
mus:M28_Individual_Performance,mus:U1_used_medium_of_performance,mus:M14_Medium_Of_Performance
mus:M43_Performed_Expression,mus:U19_is_categorized_as,mus:M19_Categorization
efrbroo:F31_Performance,mus:U19_is_categorized_as,mus:M19_Categorization
efrbroo:F22_Self-Contained_Expression,mus:U19_is_categorized_as,mus:M19_Categorization
efrbroo:F31_Performance,efrbroo:R25_performed,efrbroo:F25_Performance_Plan
mus:M42_Performed_Expression_Creation,efrbroo:R25_performed,efrbroo:F25_Performance_Plan
efrbroo:F31_Performance,efrbroo:R25_performed,efrbroo:F25_PerformancePlan
mus:M42_Performed_Expression_Creation,efrbroo:R25_performed,efrbroo:F25_PerformancePlan
efrbroo:F24_Publication_Expression,mus:U170_has_title_statement,mus:M156_Title_Statement
mus:M167_Publication_Expression_Fragment,mus:U170_has_title_statement,mus:M156_Title_Statement
mus:M46_Set_of_Tracks,mus:U170_has_title_statement,mus:M156_Title_Statement
efrbroo:F24_Publication_Expression,ecrm:P165_incorporates,efrbroo:F22_Self-Contained_Expression
efrbroo:F25_Performance_Plan,ecrm:P165_incorporates,efrbroo:F22_Self-Contained_Expression
efrbroo:F24_Publication_Expression,ecrm:P165_incorporates,efrbroo:F24_Publication_Expression
efrbroo:F25_PerformancePlan,ecrm:P165_incorporates,efrbroo:F22_Self-Contained_Expression
mus:M24_Track,mus:U51_is_partial_or_full_recording_of,mus:M43_Performed_Expression
mus:M46_Set_of_Tracks,mus:U51_is_partial_or_full_recording_of,mus:M43_Performed_Expression
efrbroo:F22_Self-Contained_Expression,efrbroo:R5_has_component,efrbroo:F22_Self-Contained_Expression
mus:M46_Set_of_Tracks,efrbroo:R5_has_component,mus:M24_Track
mus:M46_Set_of_Tracks,efrbroo:R5_has_component,mus:M46_Set_of_Tracks
efrbroo:F24_Publication_Expression,efrbroo:R5_has_component,efrbroo:F24_Publication_Expression
efrbroo:F25_PerformancePlan,efrbroo:R5_has_component,efrbroo:F25_PerformancePlan
efrbroo:F25_Performance_Plan,efrbroo:R5_has_component,efrbroo:F25_Performance_Plan
efrbroo:F22_Self-Contained_Expression,mus:U10_has_order_number,Literal
mus:M24_Track,mus:U10_has_order_number,Literal
mus:M42_Performed_Expression_Creation,mus:U10_has_order_number,Literal
mus:M46_Set_of_Tracks,mus:U10_has_order_number,Literal
mus:M43_Performed_Expression,mus:U54_is_performed_expression_of,efrbroo:F22_Self-Contained_Expression
efrbroo:F31_Performance,efrbroo:R66_included_performed_version_of,efrbroo:F22_Self-Contained_Expression
efrbroo:F42_Representative_Expression_Assignment,ecrm:P141_assigned,efrbroo:F22_Self-Contained_Expression
mus:M45_Descriptive_Expression_Assignment,ecrm:P141_assigned,efrbroo:F22_Self-Contained_Expression
mus:M23_Casting_Detail,mus:U2_foresees_use_of_medium_of_performance,skos:Concept
mus:M23_Casting_Detail,mus:U2_foresees_use_of_medium_of_performance,mus:M14_Medium_Of_Performance
mus:M27_Foreseen_Individual_Performance,mus:U2_foresees_use_of_medium_of_performance,skos:Concept
mus:M6_Casting,mus:U23_has_casting_detail,mus:M23_Casting_Detail
efrbroo:F29_Recording_Event,efrbroo:R21_created,efrbroo:F26_Recording
efrbroo:F29_Recording_Event,efrbroo:R22_created_a_realisation_of,efrbroo:F21_Recording_Work
ecrm:E21_Person,foaf:name,Literal
ecrm:E39_Actor,foaf:name,Literal
mus:M23_Casting_Detail,mus:U30_foresees_quantity_of_mop,Literal
efrbroo:F24_Publication_Expression,mus:U55_incorporates_performed_expression,mus:M43_Performed_Expression
mus:M24_Track,mus:U53_has_duration,Literal
mus:M46_Set_of_Tracks,mus:U53_has_duration,Literal
mus:M43_Performed_Expression,mus:U53_has_duration,Literal
efrbroo:F26_Recording,mus:U53_has_duration,Literal
efrbroo:F22_Self-Contained_Expression,mus:U53_has_duration,Literal
ecrm:E21_Person,ecrm:P131_is_identified_by,Literal
efrbroo:F11_Corporate_Body,ecrm:P131_is_identified_by,Literal
ecrm:E39_Actor,ecrm:P131_is_identified_by,Literal
efrbroo:F24_Publication_Expression,mus:U58_has_full_published_recording,efrbroo:F22_Self-Contained_Expression
efrbroo:F29_Recording_Event,ecrm:P7_took_place_at,geonames:Feature
efrbroo:F29_Recording_Event,ecrm:P7_took_place_at,ecrm:E53_Place
efrbroo:F31_Performance,ecrm:P7_took_place_at,geonames:Feature
efrbroo:F31_Performance,ecrm:P7_took_place_at,ecrm:E53_Place
mus:M42_Performed_Expression_Creation,ecrm:P7_took_place_at,geonames:Feature
mus:M42_Performed_Expression_Creation,ecrm:P7_took_place_at,ecrm:E53_Place
efrbroo:F30_Publication_Event,ecrm:P7_took_place_at,geonames:Feature
efrbroo:F30_Publication_Event,ecrm:P7_took_place_at,ecrm:E53_Place
ecrm:E21_Person,foaf:surname,Literal
ecrm:E39_Actor,foaf:surname,Literal
ecrm:E21_Person,foaf:firstName,Literal
ecrm:E42_Identifier,efrbroo:R8_consists_of,mus:M154_Label_Name
ecrm:E42_Identifier,efrbroo:R8_consists_of,Literal
ecrm:E42_Identifier,efrbroo:R8_consists_of,ecrm:E21_Person
mus:M167_Publication_Expression_Fragment,mus:U172_has_statement_of_responsibility_relatingt_to_title,mus:M157_Statement_of_Responsibility
efrbroo:F24_Publication_Expression,mus:U172_has_statement_of_responsibility_relatingt_to_title,mus:M157_Statement_of_Responsibility
mus:M46_Set_of_Tracks,mus:U172_has_statement_of_responsibility_relatingt_to_title,mus:M157_Statement_of_Responsibility
efrbroo:F19_Publication_Work,efrbroo:R3_is_realised_in,efrbroo:F24_Publication_Expression
efrbroo:F15_Complex_Work,efrbroo:R3_is_realised_in,efrbroo:F22_Self-Contained_Expression
efrbroo:F22_Self-Contained_Expression,mus:U12_has_genre,skos:Concept
mus:M43_Performed_Expression,mus:U12_has_genre,skos:Concept
efrbroo:F22_Self-Contained_Expression,mus:U12_has_genre,mus:M5_Genre
mus:M43_Performed_Expression,mus:U12_has_genre,mus:M5_Genre
efrbroo:F22_Self-Contained_Expression,mus:U12_has_genre,Literal
mus:M29_Editing,mus:U225_used_sound_spatialization_technique,skos:Concept
efrbroo:F29_Recording_Event,mus:U225_used_sound_spatialization_technique,skos:Concept
efrbroo:F30_Publication_Event,efrbroo:R24_created,efrbroo:F24_Publication_Expression
efrbroo:F20_Performance_Work,efrbroo:R12_is_realised_in,efrbroo:F25_Performance_Plan
efrbroo:F20_Performance_Work,efrbroo:R12_is_realised_in,efrbroo:F25_PerformancePlan
mus:M4_Key,ecrm:P1_is_identified_by,Literal
mus:M14_Medium_Of_Performance,ecrm:P1_is_identified_by,Literal
mus:M40_Context,ecrm:P1_is_identified_by,Literal
mus:M31_Actor_Function,ecrm:P1_is_identified_by,Literal
geonames:Feature,ecrm:P1_is_identified_by,Literal
ecrm:E53_Place,ecrm:P1_is_identified_by,Literal
mus:M50_Creation_or_Performance_Mode,ecrm:P1_is_identified_by,Literal
efrbroo:F24_Publication_Expression,ecrm:P1_is_identified_by,ecrm:E42_Identifier
mus:M154_Label_Name,ecrm:P1_is_identified_by,Literal
efrbroo:F4_Manifestation_Singleton,ecrm:P1_is_identified_by,ecrm:E42_Identifier
mus:M46_Set_of_Tracks,ecrm:P1_is_identified_by,ecrm:E42_Identifier
mus:M5_Genre,ecrm:P1_is_identified_by,Literal
ecrm:E4_Period,ecrm:P1_is_identified_by,Literal
efrbroo:F24_Publication_Expression,mus:U184_has_publication_statement,mus:M160_Publication_Statement
efrbroo:F24_Publication_Expression,mus:U185_has_distribution_statement,mus:M161_Distribution_Statement
efrbroo:F3_Manifestation_Product_Type,efrbroo:CLR6_should_carry,efrbroo:F24_Publication_Expression
efrbroo:F22_Self-Contained_Expression,mus:U13_has_casting,mus:M6_Casting
efrbroo:F24_Publication_Expression,mus:U13_has_casting,mus:M6_Casting
efrbroo:F24_Publication_Expression,mus:U220_has_title_and_statement_of_responsibility,mus:M158_Title_and_Statement_of_Responsibility
mus:M167_Publication_Expression_Fragment,mus:U220_has_title_and_statement_of_responsibility,mus:M158_Title_and_Statement_of_Responsibility
ecrm:E42_Identifier,ecrm:P2_has_type,skos:Concept
efrbroo:F31_Performance,ecrm:P2_has_type,Literal
mus:M25_Foreseen_Activity,ecrm:P2_has_type,Literal
efrbroo:F4_Manifestation_Singleton,ecrm:P2_has_type,Literal
mus:M26_Foreseen_Performance,ecrm:P2_has_type,Literal
efrbroo:F29_Recording_Event,efrbroo:R20_recorded,efrbroo:F31_Performance
efrbroo:F24_Publication_Expression,mus:U174_has_cast_statement,mus:M155_Cast_Statement
mus:M46_Set_of_Tracks,mus:U174_has_cast_statement,mus:M155_Cast_Statement
efrbroo:F14_Individual_Work,mus:U94_has_work_type,skos:Concept
efrbroo:F15_Complex_Work,mus:U94_has_work_type,skos:Concept
efrbroo:F22_Self-Contained_Expression,mus:U94_has_work_type,skos:Concept
efrbroo:F3_Manifestation_Product_Type,mus:CLU206_should_have_media_type,Literal
efrbroo:F22_Self-Contained_Expression,mus:U71_has_uniform_title,Literal
efrbroo:F31_Performance,mus:U205_has_cast_detail,Literal
mus:M42_Performed_Expression_Creation,mus:U205_has_cast_detail,Literal
efrbroo:F42_Representative_Expression_Assignment,ecrm:P140_assigned_attribute_to,efrbroo:F15_Complex_Work
mus:M45_Descriptive_Expression_Assignment,ecrm:P140_assigned_attribute_to,efrbroo:F15_Complex_Work
efrbroo:F4_Manifestation_Singleton,ecrm:P128_carries,efrbroo:F26_Recording
efrbroo:F4_Manifestation_Singleton,ecrm:P128_carries,mus:M43_Performed_Expression
efrbroo:F4_Manifestation_Singleton,ecrm:P128_carries,efrbroo:F22_Self-Contained_Expression
efrbroo:F4_Manifestation_Singleton,ecrm:P128_carries,mus:M46_Set_of_Tracks
mus:M156_Title_Statement,mus:U50_has_annotation,Literal
efrbroo:F24_Publication_Expression,mus:U50_has_annotation,Literal
mus:M155_Cast_Statement,mus:U50_has_annotation,Literal
mus:M158_Title_and_Statement_of_Responsibility,mus:U50_has_annotation,Literal
efrbroo:F15_Complex_Work,efrbroo:R40_has_representative_expression,efrbroo:F22_Self-Contained_Expression
ecrm:E54_Dimension,ecrm:P90_has_value,Literal
ecrm:E54_Dimension,ecrm:P91_has_unit,Literal
ecrm:E21_Person,ecrm:P98i_was_born,ecrm:E67_Birth
ecrm:E21_Person,ecrm:P98i_was_born,Literal
ecrm:E39_Actor,ecrm:P98i_was_born,Literal
ecrm:E21_Person,schema:birthDate,Literal
efrbroo:F14_Individual_Work,efrbroo:R19i_was_realised_through,efrbroo:F28_Expression_Creation
mus:M44_Performed_Work,efrbroo:R19i_was_realised_through,mus:M42_Performed_Expression_Creation
efrbroo:F20_Performance_Work,efrbroo:R19i_was_realised_through,efrbroo:F28_Expression_Creation
efrbroo:F19_Publication_Expression,efrbroo:R19i_was_realised_through,efrbroo:F30_Publication_Event
efrbroo:F3_Manifestation_Product_Type,efrbroo:CLP43_should_have_dimension,ecrm:E54_Dimension
efrbroo:F22_Self-Contained_Expression,efrbroo:R17i_was_created_by,efrbroo:F28_Expression_Creation
mus:M43_Performed_Expression,efrbroo:R17i_was_created_by,mus:M42_Performed_Expression_Creation
efrbroo:F25_PerformancePlan,efrbroo:R17i_was_created_by,efrbroo:F28_Expression_Creation
efrbroo:F22_Self-Contained_Expression,mus:U68_has_variant_title,Literal
efrbroo:F31_Performance,mus:U68_has_variant_title,Literal
efrbroo:F24_Publication_Expression,mus:U68_has_variant_title,Literal
mus:M46_Set_of_Tracks,mus:U68_has_variant_title,Literal
geonames:Feature,geonames:alternateName,Literal
ecrm:E53_Place,geonames:alternateName,Literal
efrbroo:F22_Self-Contained_Expression,mus:U67_has_subtitle,Literal
mus:M46_Set_of_Tracks,mus:U67_has_subtitle,Literal
mus:M43_Performed_Expression,mus:U67_has_subtitle,Literal
efrbroo:F24_Publication_Expression,mus:U67_has_subtitle,Literal
mus:M26_Foreseen_Performance,mus:U67_has_subtitle,Literal
efrbroo:F3_Manifestation_Product_Type,mus:CLU207_should_have_carrier_type,Literal
efrbroo:F3_Manifestation_Product_Type,mus:U208_has_extent_of_carrier,Literal
efrbroo:F24_Publication_Expression,mus:U169_was_issued_under_label_name,mus:M154_Label_Name
efrbroo:F24_Publication_Expression,mus:U229_has_music_format,skos:Concept
mus:M28_Individual_Performance,mus:U27_performed_character,efrbroo:F38_Character
efrbroo:F22_Self-Contained_Expression,efrbroo:R9i_realises,efrbroo:F14_Individual_Work
mus:M43_Performed_Expression,efrbroo:R9i_realises,mus:M44_Performed_Work
efrbroo:F14_Individual_Work,efrbroo:R10i_is_member_of,efrbroo:F15_Complex_Work
mus:M44_Performed_Work,efrbroo:R10i_is_member_of,efrbroo:F15_Complex_Work
mus:M42_Performed_Expression_Creation,mus:redomi-doriskey,Literal
efrbroo:F24_Publication_Expression,mus:redomi-doriskey,Literal
efrbroo:F14_Individual_Work,mus:redomi-doriskey,Literal
efrbroo:F22_Self-Contained_Expression,efrbroo:R3i_realises,efrbroo:F15_Complex_Work
efrbroo:F24_Publication_Expression,efrbroo:R3i_realises,efrbroo:F19_Publication_Expression
efrbroo:F14_Individual_Work,ecrm:P148_has_component,efrbroo:F14_Individual_Work
mus:M158_Title_and_Statement_of_Responsibility,ecrm:P148_has_component,mus:M156_Title_Statement
mus:M158_Title_and_Statement_of_Responsibility,ecrm:P148_has_component,mus:M157_Statement_of_Responsibility
efrbroo:F24_Publication_Expression,ecrm:P148_has_component,mus:M167_Publication_Expression_Fragment
efrbroo:F3_Manifestation_Product_Type,mus:U212_has_technical_features,Literal
efrbroo:F3_Manifestation_Product_Type,mus:CLU198_should_have_container,mus:M171_Container
mus:M43_Performed_Expression,mus:U168_has_parallel_title,Literal
efrbroo:F24_Publication_Expression,mus:U168_has_parallel_title,Literal
mus:M46_Set_of_Tracks,mus:U168_has_parallel_title,Literal
ecrm:E21_Person,ecrm:P100i_died_in,ecrm:E69_Death
ecrm:E21_Person,ecrm:P100i_died_in,Literal
ecrm:E39_Actor,ecrm:P100i_died_in,Literal
ecrm:E21_Person,schema:deathDate,Literal
efrbroo:F22_Self-Contained_Expression,mus:U70_has_original_title,Literal
mus:M43_Performed_Expression,mus:U70_has_original_title,Literal
efrbroo:F3_Manifestation_Product_Type,mus:CLU53_should_have_duration,Literal
efrbroo:F24_Publication_Expression,mus:U179_has_parallel_statement_of_responsibility_relating_to_edition,mus:M157_Statement_of_Responsibility
efrbroo:F22_Self-Contained_Expression,mus:U5_had_premiere,efrbroo:F31_Performance
efrbroo:F14_Individual_Work,mus:U5_had_premiere,efrbroo:F31_Performance
efrbroo:F24_Publication_Expression,mus:U178_has_statement_of_responsibility_relating_to_edition,mus:M157_Statement_of_Responsibility
efrbroo:F22_Self-Contained_Expression,mus:U17_has_opus_statement,mus:M2_Opus_Statement
mus:M2_Opus_Statement,mus:U17_has_opus_statement,Literal
skos:Concept,skos:prefLabel,Literal
skos:ConceptScheme,skos:prefLabel,Literal
mus:M42_Performed_Expression_Creation,ecrm:P9i_forms_part_of,efrbroo:F31_Performance
mus:M28_Individual_Performance,ecrm:P9i_forms_part_of,mus:M42_Performed_Expression_Creation
efrbroo:F24_Publication_Expression,mus:U221_has_title_proper_of_series,Literal
skos:Concept,skos:altLabel,Literal
ecrm:E4_Period,skos:altLabel,Literal
efrbroo:F28_Expression_Creation,ecrm:P10_falls_within,ecrm:E4_Period
mus:M43_Performed_Expression,ecrm:P72_has_language,Literal
efrbroo:F22_Self-Contained_Expression,ecrm:P72_has_language,Literal
efrbroo:F24_Publication_Expression,ecrm:P72_has_language,Literal
mus:M29_Editing,mus:U192_used_noise_reduction_technique,skos:Concept
efrbroo:F29_Recording_Event,mus:U192_used_noise_reduction_technique,skos:Concept
time:Interval,ecrm:P79_beginning_is_qualified_by,Literal
ecrm:E52_Time-Span,ecrm:P79_beginning_is_qualified_by,Literal
mus:M23_Casting_Detail,mus:U36_foresees_responsibility,skos:Concept
mus:M27_Foreseen_Individual_Performance,mus:U36_foresees_responsibility,Literal
efrbroo:F22_Self-Contained_Expression,mus:U16_has_catalogue_statement,mus:M1_Catalogue_Statement
efrbroo:F3_Manifestation_Product_Type,mus:U213_has_recording_method,Literal
mus:M29_Editing,mus:U218_used_object_of_type_for_mastering,skos:Concept
mus:M29_Editing,mus:U219_used_object_of_type_for_mixing,skos:Concept
mus:M44_Performed_Work,mus:U95_has_hierarchical_level,skos:Concept
mus:M44_Performed_Work,mus:U95_has_hierarchical_level,Literal
mus:M1_Catalogue_Statement,mus:U41_has_catalogue_number,Literal
mus:M2_Opus_Statement,mus:U42_has_opus_number,Literal
efrbroo:F22_Self-Contained_Expression,ecrm:P165i_is_incorporated_in,efrbroo:F25_PerformancePlan
efrbroo:F22_Self-Contained_Expression,ecrm:P165i_is_incorporated_in,efrbroo:F24_Publication_Expression
efrbroo:F24_Publication_Expression,mus:U59_has_partial_published_recording,efrbroo:F22_Self-Contained_Expression
efrbroo:F3_Manifestation_Product_Type,mus:CLU217_should_have_playing_speed,skos:Concept
efrbroo:F3_Manifestation_Product_Type,mus:CLU217_should_have_playing_speed,Literal
mus:M1_Catalogue_Statement,mus:U40_has_catalogue_name,modsrdf:ModsResource
mus:M1_Catalogue_Statement,mus:U40_has_catalogue_name,Literal
mus:M39_Derivation_Type_Assignment,ecrm:P41_classified,efrbroo:F14_Individual_Work
mus:M39_Derivation_Type_Assignment,ecrm:P41_classified,efrbroo:F22_Self-Contained_Expression
mus:M29_Editing,efrbroo:R18_created,efrbroo:F4_Manifestation_Singleton
efrbroo:F29_Recording_Event,efrbroo:R18_created,efrbroo:F4_Manifestation_Singleton
efrbroo:F28_Expression_Creation,efrbroo:R18_created,efrbroo:F4_Manifestation_Singleton
geonames:Feature,geonames:postalCode,Literal
ecrm:E53_Place,geonames:postalCode,Literal
ecrm:E21_Person,foaf:gender,Literal
efrbroo:F25_PerformancePlan,efrbroo:R12i_realises,efrbroo:F20_Performance_Work
efrbroo:F25_PerformancePlan,efrbroo:R25i_was_performed_by,efrbroo:F31_Performance
efrbroo:F25_PerformancePlan,efrbroo:R25i_was_performed_by,mus:M42_Performed_Expression_Creation
efrbroo:F22_Self-Contained_Expression,mus:U11_has_key,skos:Concept
efrbroo:F22_Self-Contained_Expression,mus:U11_has_key,mus:M4_Key
efrbroo:F22_Self-Contained_Expression,mus:U11_has_key,Literal
efrbroo:F3_Manifestation_Product_Type,mus:CLU210_should_have_pagination,ecrm:E54_Dimension
efrbroo:F3_Manifestation_Product_Type,mus:CLU210_should_have_pagination,Literal
mus:M23_Casting_Detail,mus:U87_has_medium_of_performance_section,mus:M23_Casting_Detail
efrbroo:F24_Publication_Expression,mus:U182_has_music_format_statement,Literal
geonames:Feature,ecrm:P89_falls_within,geonames:Feature
geonames:Feature,ecrm:P89_falls_within,ecrm:E53_Place
ecrm:E53_Place,ecrm:P89_falls_within,geonames:Feature
ecrm:E53_Place,ecrm:P89_falls_within,ecrm:E53_Place
mus:M27_Foreseen_Individual_Performance,mus:U6_foresees_actor,ecrm:E21_Person
mus:M27_Foreseen_Individual_Performance,mus:U6_foresees_actor,efrbroo:F11_Corporate_Body
mus:M26_Foreseen_Performance,ecrm:P69_has_association_with,mus:M27_Foreseen_Individual_Performance
efrbroo:F31_Performance,mus:U65_has_geographical_context,geonames:Feature
efrbroo:F31_Performance,mus:U65_has_geographical_context,ecrm:E53_Place
mus:M42_Performed_Expression_Creation,mus:U65_has_geographical_context,geonames:Feature
mus:M42_Performed_Expression_Creation,mus:U65_has_geographical_context,ecrm:E53_Place
mus:M43_Performed_Expression,mus:U65_has_geographical_context,mus:M40_Context
efrbroo:F31_Performance,mus:U65_has_geographical_context,mus:M40_Context
mus:M46_Set_of_Tracks,mus:U65_has_geographical_context,ecrm:E53_Place
mus:M46_Set_of_Tracks,mus:U65_has_geographical_context,geonames:Feature
efrbroo:F22_Self-Contained_Expression,mus:U65_has_geographical_context,mus:M40_Context
efrbroo:F28_Expression_Creation,ecrm:P15_was_influenced_by,efrbroo:F15_Complex_Work
efrbroo:F28_Expression_Creation,ecrm:P15_was_influenced_by,ecrm:E1_CRM_Entity
efrbroo:F15_Complex_Work,mus:U38_has_descriptive_expression,efrbroo:F22_Self-Contained_Expression
mus:M19_Categorization,mus:U19i_caterorizes,efrbroo:F22_Self-Contained_Expression
efrbroo:F22_Self-Contained_Expression,mus:U19_is_caterorized_as,mus:M19_Categorization
time:Interval,ecrm:P80_end_is_qualified_by,Literal
ecrm:E52_Time-Span,ecrm:P80_end_is_qualified_by,Literal
ecrm:E7_Activity,mus:U31_had_function_of_type,Literal
mus:M28_Individual_Performance,mus:U31_had_function_of_type,Literal
efrbroo:F24_Publication_Expression,efrbroo:R5i_is_component_of,efrbroo:F24_Publication_Expression
efrbroo:F25_PerformancePlan,efrbroo:R5i_is_component_of,efrbroo:F25_PerformancePlan
efrbroo:F14_Individual_Work,efrbroo:R2_is_derivative_of,efrbroo:F14_Individual_Work
efrbroo:F15_Complex_Work,efrbroo:R2_is_derivative_of,efrbroo:F15_Complex_Work
ecrm:E21_Person,schema:birthPlace,geonames:Feature
ecrm:E21_Person,schema:birthPlace,ecrm:E53_Place
efrbroo:F22_Self-Contained_Expression,mus:U54i_has_performed_expression,mus:M43_Performed_Expression
efrbroo:F22_Self-Contained_Expression,efrbroo:R66i_had_a_performed_version_through,efrbroo:F31_Performance
efrbroo:F24_Publication_Expression,mus:U201_has_illustrative_content,Literal
efrbroo:F24_Publication_Expression,mus:U171_has_parallel_title_statement,mus:M156_Title_Statement
mus:M46_Set_of_Tracks,mus:U171_has_parallel_title_statement,mus:M156_Title_Statement
efrbroo:F22_Self-Contained_Expression,mus:U44_has_dedication_statement,mus:M15_Dedication_Statement
efrbroo:F22_Self-Contained_Expression,mus:U44_has_dedication_statement,mus:M15_Dedication
skos:Concept,skos:broader,skos:Concept
skos:Concept,skos:exactMatch,skos:Concept
efrbroo:F31_Performance,mus:U89_occured_in_performance_conditions,skos:Concept
efrbroo:F31_Performance,mus:U89_occured_in_performance_conditions,Literal
efrbroo:F14_Individual_Work,mus:U4_had_princeps_publication,efrbroo:F30_Publication_Event
efrbroo:F22_Self-Contained_Expression,mus:U4_had_princeps_publication,efrbroo:F30_Publication_Event
geonames:Feature,geonames:officialName,Literal
ecrm:E53_Place,geonames:officialName,Literal
skos:Concept,skos:narrower,skos:Concept
efrbroo:F24_Publication_Expression,mus:U202_has_colour_details,Literal
skos:Concept,skos:editorialNote,Literal
efrbroo:F11_Corporate_Body,ecrm:P74_has_current_or_former_residence,geonames:Feature
efrbroo:F11_Corporate_Body,ecrm:P74_has_current_or_former_residence,ecrm:E53_Place
ecrm:E21_Person,ecrm:P74_has_current_or_former_residence,geonames:Feature
ecrm:E21_Person,ecrm:P74_has_current_or_former_residence,ecrm:E53_Place
ecrm:E39_Actor,ecrm:P74_has_current_or_former_residence,ecrm:E53_Place
efrbroo:F24_Publication_Expression,mus:U172_has_statement_of_responsibility_relating_to_title,mus:M157_Statement_of_Responsibility
mus:M157_Statement_of_Responsibility,mus:U172i_is_statement_of_responsibility_relating_to_title_of,efrbroo:F24_Publication_Expression
mus:M43_Performed_Expression,mus:U70_has_title,Literal
ecrm:E21_Person,schema:deathPlace,geonames:Feature
ecrm:E21_Person,schema:deathPlace,ecrm:E53_Place
efrbroo:F22_Self-Contained_Expression,mus:U78_estimated_duration,Literal
efrbroo:F22_Self-Contained_Expression,mus:U33_has_set_of_characters,mus:M33_Set_of_Characters
efrbroo:F24_Publication_Expression,mus:U33_has_set_of_characters,mus:M33_Set_of_Characters
mus:M26_Foreseen_Performance,mus:U7_foresees_place_at,ecrm:E53_Place
mus:M26_Foreseen_Performance,mus:U7_foresees_place_at,geonames:Feature
efrbroo:F14_Individual_Work,mus:U47_has_derivation_type,skos:Concept
efrbroo:F15_Complex_Work,mus:U47_has_derivation_type,skos:Concept
mus:M44_Performed_Work,mus:U47_has_derivation_type,skos:Concept
efrbroo:F14_Individual_Work,mus:U47_has_derivation_type,Literal
efrbroo:F31_Performance,mus:U5i_was_premiere_of,efrbroo:F22_Self-Contained_Expression
mus:M29_Editing,mus:U29_edited,efrbroo:F26_Recording
mus:M23_Casting_Detail,mus:U36_foresees_responsibility_of_type,Literal
skos:Concept,skos:related,skos:Concept
mus:M40_Context,skos:related,ecrm:E53_Place
mus:M40_Context,skos:related,geonames:Feature
efrbroo:F24_Publication_Expression,mus:CRL6i_should_be_carried_by,efrbroo:F3_Manifestation_Product_Type
efrbroo:F3_Manifestation_Product_Type,efrbroo:R4i_comprises_carriers_of,efrbroo:F22_Self-Contained_Expression
efrbroo:F3_Manifestation_Product_Type,mus:CRL6_should_carry,efrbroo:F24_Publication_Expression
efrbroo:F22_Self-Contained_Expression,efrbroo:R4_carriers_provided_by,efrbroo:F3_Manifestation_Product_Type
efrbroo:F19_Publication_Expression,efrbroo:is_realised_in,efrbroo:F24_Publication_Expression
efrbroo:F24_Publication_Expression,efrbroo:R24i_was_created_through,efrbroo:F30_Publication_Event
efrbroo:F22_Self-Contained_Expression,ecrm:U11_has_key,skos:Concept
geonames:Feature,geonames:name,Literal
ecrm:E53_Place,geonames:name,Literal
mus:M39_Derivation_Type_Assignment,ecrm:P42_assigned,skos:Concept
skos:Concept,skos:topConceptOf,skos:ConceptScheme
mus:M23_Casting_Detail,mus:U88_has_member_casting_detail,mus:M23_Casting_Detail
skos:Concept,skos:inScheme,skos:ConceptScheme
mus:M26_Foreseen_Performance,mus:U8_foresees_time_span,time:Interval
mus:M26_Foreseen_Performance,mus:U8_foresees_time_span,ecrm:E52_Time-Span
ecrm:E53_Place,ecrm:P87_is_identified_by,Literal
geonames:Feature,geonames:parentFeature,geonames:Feature
geonames:Feature,geonames:parentFeature,ecrm:E53_Place
ecrm:E53_Place,geonames:parentFeature,geonames:Feature
ecrm:E53_Place,geonames:parentFeature,ecrm:E53_Place
mus:M26_Foreseen_Performance,mus:U77_foresees_performing_plan,efrbroo:F25_Performance_Plan
mus:M28_Individual_Performance,mus:U81_had_performer_status,skos:Concept
foaf:Document,foaf:primaryTopic,geonames:Feature
foaf:Document,foaf:primaryTopic,ecrm:E53_Place
geonames:Feature,geonames:countryCode,Literal
ecrm:E53_Place,geonames:countryCode,Literal
geonames:Feature,geonames:parentCountry,geonames:Feature
geonames:Feature,geonames:parentCountry,ecrm:E53_Place
ecrm:E53_Place,geonames:parentCountry,geonames:Feature
ecrm:E53_Place,geonames:parentCountry,ecrm:E53_Place
efrbroo:F28_Expression_Creation,ecrm:P17_was_motivated_by,ecrm:E1_CRM_Entity
efrbroo:F32_Carrier_Production_Event,efrbroo:R26_produced_things_of_type,efrbroo:F3_Manifestation_Product_Type
efrbroo:F29_Recording_Event,ecrm:P32_used_general_technique,Literal
skos:Concept,skos:scopeNote,Literal
geonames:Feature,geonames:parentADM1,ecrm:E53_Place
ecrm:E53_Place,geonames:parentADM1,ecrm:E53_Place
geonames:Feature,geonames:parentADM1,geonames:Feature
ecrm:E53_Place,geonames:parentADM1,geonames:Feature
geonames:Feature,geonames:population,Literal
ecrm:E53_Place,geonames:population,Literal
geonames:Feature,geonames:parentADM2,ecrm:E53_Place
ecrm:E53_Place,geonames:parentADM2,ecrm:E53_Place
geonames:Feature,geonames:parentADM2,geonames:Feature
ecrm:E53_Place,geonames:parentADM2,geonames:Feature
efrbroo:F3_Manifestation_Product_Type,mus:U215_has_groove_caracteristics,Literal
mus:M15_Dedication_Statement,ecrm:P67_refers_to,ecrm:E21_Person
mus:M15_Dedication_Statement,ecrm:P67_refers_to,efrbroo:F11_Corporate_Body
geonames:Feature,geonames:parentADM3,ecrm:E53_Place
ecrm:E53_Place,geonames:parentADM3,ecrm:E53_Place
efrbroo:F15_Complex_Work,ecrm:P129_is_about,ecrm:E1_CRM_Entity
efrbroo:F15_Complex_Work,ecrm:P129_is_about,Literal
skos:Concept,skos:note,Literal
mus:M27_Foreseen_Individual_Performance,mus:U35_foresees_function,skos:Concept
efrbroo:F15_Complex_Work,mus:U21_is_about_actor,ecrm:E21_Person
efrbroo:F15_Complex_Work,mus:U21_is_about_actor,ecrm:E39_Actor
efrbroo:F15_Complex_Work,mus:U21_is_about_actor,efrbroo:F11_Corporate_Body
geonames:Feature,geonames:parentADM4,ecrm:E53_Place
ecrm:E53_Place,geonames:parentADM4,ecrm:E53_Place
efrbroo:F24_Publication_Expression,mus:U176_has_edition_statement,mus:M159_Edition_Statement
efrbroo:F11_Corporate_Body,ecrm:P95i_was_formed_by,ecrm:E66_Formation
efrbroo:F24_Publication_Expression,mus:U224_has_title_proper_of_multipart_monograph,Literal
mus:M42_Performed_Expression_Creation,ecrm:P16_used_specific_object,efrbroo:F4_Manifestation_Singleton
mus:M28_Individual_Performance,ecrm:P16_used_specific_object,ecrm:E22_Man-Made_Object
efrbroo:F25_Performance_Plan,mus:U90_foresees_creation_or_performance_mode,mus:M50_Creation_or_Performance_Mode
skos:Concept,skos:definition,Literal
efrbroo:F15_Complex_Work,mus:U22_is_about_place,ecrm:E53_Place
efrbroo:F15_Complex_Work,mus:U22_is_about_place,geonames:Feature
mus:M42_Performed_Expression_Creation,mus:U193_used_historical_instruments,Literal
efrbroo:F31_Performance,mus:U193_used_historical_instruments,Literal
efrbroo:F22_Self-Contained_Expression,mus:U63_has_religious_context,mus:M40_Context
efrbroo:F24_Publication_Expression,mus:U200_has_supplementary_content,Literal
efrbroo:F24_Publication_Expression,mus:U204_has_reproduction_note,Literal
mus:M2_Opus_Statement,mus:U69_has_WoO_number,Literal
mus:M2_Opus_Statement,mus:U43_has_opus_subnumber,Literal
efrbroo:F4_Manifestation_Singleton,ecrm:P49_has_former_or_current_keeper,efrbroo:F11_Corporate_Body
mus:M167_Publication_Expression_Fragment,mus:U195_has_order_or_location_indication,Literal
skos:Concept,skos:notation,Literal
geonames:Feature,geonames:shortName,Literal
ecrm:E53_Place,geonames:shortName,Literal
modsrdf:NoteGroup,modsrdf:noteGroupType,Literal
efrbroo:F24_Publication_Expression,mus:U203_has_summary_or_abstract,Literal
mus:M2_Opus_Statement,mus:U76_has_WoO_subnumber,Literal
efrbroo:F24_Publication_Expression,mus:U173_has_parallel_statement_of_responsibility_relating_to_title,mus:M157_Statement_of_Responsibility
mus:M46_Set_of_Tracks,mus:U173_has_parallel_statement_of_responsibility_relating_to_title,mus:M157_Statement_of_Responsibility
efrbroo:F24_Publication_Expression,mus:U24_has_award,mus:M36_Award
modsrdf:ModsResource,modsrdf:placeOfOrigin,geonames:Feature
modsrdf:ModsResource,modsrdf:placeOfOrigin,ecrm:E53_Place
modsrdf:ModsResource,modsrdf:noteGroup,modsrdf:NoteGroup
modsrdf:ModsResource,modsrdf:noteGroup,Literal
modsrdf:NoteGroup,modsrdf:noteGroupValue,Literal
modsrdf:ModsResource,modsrdf:languageOfResource,Literal
modsrdf:ModsResource,modsrdf:titlePrincipal,Literal
modsrdf:ModsResource,modsrdf:subjectName,Literal
modsrdf:ModsResource,modsrdf:publisher,Literal
modsrdf:ModsResource,modsrdf:dateOfCopyright,Literal
modsrdf:ModsResource,modsrdf:namePrincipal,Literal
modsrdf:ModsResource,modsrdf:identifier,Literal
efrbroo:F26_Recording,mus:U15_has_history,Literal
skos:Concept,mus:U85_has_closely_related_key,skos:Concept
modsrdf:ModsResource,modsrdf:genre,Literal
efrbroo:F3_Manifestation_Product_Type,mus:U194_has_system_requirements,Literal
mus:M28_Individual_Performance,mus:U32_had_responsibility,skos:Concept
efrbroo:F11_Corporate_Body,ecrm:P99i_was_dissolved_by,ecrm:E68_Dissolution
mus:M23_Casting_Detail,mus:U48_foresees_quantity_of_actors,Literal
mus:M23_Casting_Detail,mus:U35_foresees_function_of_type,Literal
skos:ConceptScheme,skos:hasTopConcept,skos:Concept
efrbroo:F24_Publication_Expression,mus:U222_has_title_proper_of_sub-series,Literal
mus:M46_Set_of_Tracks,mus:U175_has_parallel_cast_statement,mus:M155_Cast_Statement
efrbroo:F24_Publication_Expression,mus:U175_has_parallel_cast_statement,mus:M155_Cast_Statement
mus:M26_Foreseen_Performance,mus:U3_foresees_use_of_specific_object,ecrm:E22_Man-Made_Object
modsrdf:ModsResource,modsrdf:edition,Literal
modsrdf:ModsResource,modsrdf:relatedSeries,Literal
skos:Concept,mus:U83_has_relative_key,skos:Concept
ecrm:E4_Period,time:intervalBefore,ecrm:E4_Period
ecrm:E4_Period,time:intervalAfter,ecrm:E4_Period
skos:Concept,mus:U84_has_parallel_key,skos:Concept
efrbroo:F24_Publication_Expression,mus:U183_has_parallel_music_format_statement,Literal
efrbroo:F24_Publication_Expression,mus:U199_has_sponsor,Literal
